Workbook

Sheet list of textbookS
A1: Class | B1: Subject | C1: Book/Series | D1: Copies Needed | E1: Copies Available | F1: Status
A2: Nursery 1 | B2: Numeracy | C2: Excellence Series | D2: 10 | E2: 10 | F2: Available
A3: Nursery 1 | B3: Phonics | C3: Excellence Series | D3: 10 | E3: 10 | F3: Available
A4: Nursery 1 | B4: Colouring | C4: Excellence Series | D4: 10 | E4: 10 | F4: Available
A5: Nursery 1 | B5: Literacy | C5: Excellence Series | D5: 10 | E5: 10 | F5: Available
A6: Nursery 2 | B6: Numeracy | C6: Excellence Series | D6: 20 | E6: 20 | F6: Available
A7: Nursery 2 | B7: Phonics | C7: Excellence Series | D7: 20 | E7: 20 | F7: Available
A8: Nursery 2 | B8: Colouring | C8: Excellence Series | D8: 20 | E8: 20 | F8: Available
A9: Nursery 2 | B9: Literacy | C9: Excellence Series | D9: 20 | E9: 20 | F9: Available
A10: KG1 | B10: Numeracy | C10: Advocate | D10: 8 | E10: 8 | F10: Available
A11: KG1 | B11: Literacy | C11: Advocate | D11: 8 | E11: 8 | F11: Available
A12: KG1 | B12: Computing | C12: Advocate | D12: 8 | E12: 0 | F12: Not available
A13: KG1 | B13: Science | C13: Advocate | D13: 8 | E13: 0 | F13: Not available
... A23: Basic 1 | B23: Computing | C23: Best Brain | D23: 4 | E23: 0 | F23: Not available
A24: Basic 1 | B24: Creative Arts | D24: 4 | E24: 0 | F24: Not available
A25: Basic 2 | B25: Maths | C25: Excellence Series | D25: 12 | E25: 12 | F25: Available
A26: Basic 3 | B26: Maths | C26: Excellence Series | D26: 5 | E26: 5 | F26: Available
A27: Basic 4 | B27: Creative Arts | C27: Naky Nuggets | D27: 3 | E27: 3 | F27: Available
A28: Basic 4 | B28: Maths | C28: Excellence Series | D28: 3 | E28: 3 | F28: Available
A29: Basic 5 | B29: Creative Arts | C29: Naky Nuggets | D29: 4 | E29: 4 | F29: Available
A30: Basic 5 | B30: Maths | C30: Excellence Series | D30: 4 | E30: 4 | F30: Available
A31: JHS | B31: Creative Arts | C31: Naky Nuggets | D31: 1 | E31: 1 | F31: Available

Sheet Analysis
A1: Textbook Analysis Summary
A3: Total textbook records | D3: =COUNTA('list of textbookS'!A2:A31) -> 30
A4: Total copies needed | D4: =SUM('list of textbookS'!D2:D31) -> 261
A5: Total copies available | D5: =SUM('list of textbookS'!E2:E31) -> 192
A6: Total copies missing | D6: =D4-D5 -> 69
A7: Available records | D7: =COUNTIF('list of textbookS'!F2:F31,"Available") -> 20
A8: Not available records | D8: =COUNTIF('list of textbookS'!F2:F31,"Not available") -> 10
A9: Availability rate | D9: =D5/D4 -> 0.73563218
B41: CLASS TABLE
A42: Class | B42: Copies Needed | C42: Copies Available | D42: Copies Missing | E42: Availability %
A43: Nursery 1 | B43: =SUMIF('list of textbookS'!A$2:$A$31,A43,'list of textbookS'!D$2:D$31) -> 40 | C43: =SUMIF('list of textbookS'!A$2:$A$31,A43,'list of textbookS'!E$2:E$31) -> 40 | D43: =B43-C43 -> 0 | E43: =C43/B43 -> 1
A44: Nursery 2 | B44: =SUMIF('list of textbookS'!A$2:$A$31,A44,'list of textbookS'!D$2:D$31) -> 60 | C44: =SUMIF('list of textbookS'!A$2:$A$31,A44,'list of textbookS'!E$2:E$31) -> 60 | D44: =B44-C44 -> 0 | E44: =C44/B44 -> 1
A45: KG1 | B45: =SUMIF('list of textbookS'!A$2:$A$31,A45,'list of textbookS'!D$2:D$31) -> 40 | C45: =SUMIF('list of textbookS'!A$2:$A$31,A45,'list of textbookS'!E$2:E$31) -> 16 | D45: =B45-C45 -> 24 | E45: =C45/B45 -> 0.4
A46: KG2 | B46: =SUMIF('list of textbookS'!A$2:$A$31,A46,'list of textbookS'!D$2:D$31) -> 49 | C46: =SUMIF('list of textbookS'!A$2:$A$31,A46,'list of textbookS'!E$2:E$31) -> 20 | D46: =B46-C46 -> 29 | E46: =C46/B46 -> 0.40816327
A47: Basic 1 | B47: =SUMIF('list of textbookS'!A$2:$A$31,A47,'list of textbookS'!D$2:D$31) -> 20 | C47: =SUMIF('list of textbookS'!A$2:$A$31,A47,'list of textbookS'!E$2:E$31) -> 4 | D47: =B47-C47 -> 16 | E47: =C47/B47 -> 0.2
A48: Basic 2 | B48: =SUMIF('list of textbookS'!A$2:$A$31,A48,'list of textbookS'!D$2:D$31) -> 12 | C48: =SUMIF('list of textbookS'!A$2:$A$31,A48,'list of textbookS'!E$2:E$31) -> 12 | D48: =B48-C48 -> 0 | E48: =C48/B48 -> 1
A49: Basic 3 | B49: =SUMIF('list of textbookS'!A$2:$A$31,A49,'list of textbookS'!D$2:D$31) -> 5 | C49: =SUMIF('list of textbookS'!A$2:$A$31,A49,'list of textbookS'!E$2:E$31) -> 5 | D49: =B49-C49 -> 0 | E49: =C49/B49 -> 1
A50: Basic 4 | B50: =SUMIF('list of textbookS'!A$2:$A$31,A50,'list of textbookS'!D$2:D$31) -> 6 | C50: =SUMIF('list of textbookS'!A$2:$A$31,A50,'list of textbookS'!E$2:E$31) -> 6 | D50: =B50-C50 -> 0 | E50: =C50/B50 -> 1
A51: Basic 5 | B51: =SUMIF('list of textbookS'!A$2:$A$31,A51,'list of textbookS'!D$2:D$31) -> 8 | C51: =SUMIF('list of textbookS'!A$2:$A$31,A51,'list of textbookS'!E$2:E$31) -> 8 | D51: =B51-C51 -> 0 | E51: =C51/B51 -> 1
A52: Basic 6 | B52: =SUMIF('list of textbookS'!A$2:$A$31,A52,'list of textbookS'!D$2:D$31) -> 0 | C52: =SUMIF('list of textbookS'!A$2:$A$31,A52,'list of textbookS'!E$2:E$31) -> 0 | D52: =B52-C52 -> 0 | E52: 0
A53: JHS | B53: =SUMIF('list of textbookS'!A$2:$A$31,A53,'list of textbookS'!D$2:D$31) -> 1 | C53: =SUMIF('list of textbookS'!A$2:$A$31,A53,'list of textbookS'!E$2:E$31) -> 1 | D53: =B53-C53 -> 0 | E53: =C53/B53 -> 1
B57: SUBJECT ANALYSIS
A58: Subject | B58: Copies Needed | C58: Copies Available | D58: Copies Missing | E58: Availability Rate
A59: Numeracy | B59: =SUMIF('list of textbookS'!B$2:B$31,A59,'list of textbookS'!D$2:D$31) -> 48 | C59: =SUMIF('list of textbookS'!B$2:B$31,A59,'list of textbookS'!E$2:E$31) -> 48 | D59: =B59-C59 -> 0 | E59: =C59/B59 -> 1
A60: Literacy | B60: =SUMIF('list of textbookS'!B$2:B$31,A60,'list of textbookS'!D$2:D$31) -> 48 | C60: =SUMIF('list of textbookS'!B$2:B$31,A60,'list of textbookS'!E$2:E$31) -> 38 | D60: =B60-C60 -> 10 | E60: =C60/B60 -> 0.79166667
A61: Phonics | B61: =SUMIF('list of textbookS'!B$2:B$31,A61,'list of textbookS'!D$2:D$31) -> 30 | C61: =SUMIF('list of textbookS'!B$2:B$31,A61,'list of textbookS'!E$2:E$31) -> 30 | D61: =B61-C61 -> 0 | E61: =C61/B61 -> 1
A62: Colouring | B62: =SUMIF('list of textbookS'!B$2:B$31,A62,'list of textbookS'!D$2:D$31) -> 30 | C62: =SUMIF('list of textbookS'!B$2:B$31,A62,'list of textbookS'!E$2:E$31) -> 30 | D62: =B62-C62 -> 0 | E62: =C62/B62 -> 1
A63: Computing | B63: =SUMIF('list of textbookS'!B$2:B$31,A63,'list of textbookS'!D$2:D$31) -> 22 | C63: =SUMIF('list of textbookS'!B$2:B$31,A63,'list of textbookS'!E$2:E$31) -> 0 | D63: =B63-C63 -> 22 | E63: =C63/B63 -> 0
A64: Science | B64: =SUMIF('list of textbookS'!B$2:B$31,A64,'list of textbookS'!D$2:D$31) -> 21 | C64: =SUMIF('list of textbookS'!B$2:B$31,A64,'list of textbookS'!E$2:E$31) -> 10 | D64: =B64-C64 -> 11 | E64: =C64/B64 -> 0.47619048
A65: Creative Arts | B65: =SUMIF('list of textbookS'!B$2:B$31,A65,'list of textbookS'!D$2:D$31) -> 30 | C65: =SUMIF('list of textbookS'!B$2:B$31,A65,'list of textbookS'!E$2:E$31) -> 8 | D65: =B65-C65 -> 22 | E65: =C65/B65 -> 0.26666667
A66: Maths | B66: =SUMIF('list of textbookS'!B$2:B$31,A66,'list of textbookS'!D$2:D$31) -> 0 | C66: =SUMIF('list of textbookS'!B$2:B$31,A66,'list of textbookS'!E$2:E$31) -> 0 | D66: =B66-C66 -> 0 | E66: =IF(B66=0,0,C66/B66) -> 0
A67: English | B67: =SUMIF('list of textbookS'!B$2:B$31,A67,'list of textbookS'!D$2:D$31) -> 4 | C67: =SUMIF('list of textbookS'!B$2:B$31,A67,'list of textbookS'!E$2:E$31) -> 0 | D67: =B67-C67 -> 4 | E67: =C67/B67 -> 0
